{"version":"1.0","sourceVrmMetaVersion":"1","pose":{"leftEye":{"rotation":[-0.008417137020445654,-0.014841766019106292,-0.0001249433676522772,0.999854418490496]},"rightEye":{"rotation":[-0.008415977975776565,-0.02226162721940316,-0.00018740644951761054,0.999716737954846]},"leftUpperLeg":{"rotation":[3.957429712181165e-8,-0.0037443853723764715,0.08899756216337326,0.9960248056685927]},"rightUpperLeg":{"rotation":[1.4598630805736854e-10,0.003600098476733845,-0.08557821050659434,0.9963249515983461]},"leftShoulder":{"rotation":[0.03881250303671174,-0.3807101246549026,0.09370167122087643,0.9191155462746174]},"leftUpperArm":{"rotation":[0.2204502399773127,0.12628479184381725,-0.6188453110677932,0.7432928924806932]},"leftLowerArm":{"rotation":[-0.12159941787576498,-0.5306561248513761,-0.09489966410209491,0.8334336881140006]},"leftHand":{"rotation":[0.041665542218026215,-0.39580835322650054,-0.017980121769407973,0.9172112326661515]},"rightShoulder":{"rotation":[0.06316794803935114,0.3455389876079182,-0.05588580598691484,0.9346065455969083]},"rightUpperArm":{"rotation":[-0.6299236789158178,-0.10275710264197063,0.5087941254180027,0.5777245663271721]},"rightLowerArm":{"rotation":[0.20155764738167092,0.6428061010823891,0.18080731851192297,0.7165776613638966]},"rightHand":{"rotation":[-0.08378936936514875,-0.16116247615958312,-0.08687626968593004,0.9795195310074016]},"leftThumbProximal":{"rotation":[0,0.2629987215538765,0,0.964796181823408]},"rightThumbProximal":{"rotation":[-0.06340684535339709,0,0,0.9979877614291321]},"rightIndexProximal":{"rotation":[0,0,0.630129801338619,0.7764898154289936]},"rightIndexIntermediate":{"rotation":[0,0,0.4693686135608796,0.8830023242347314]},"rightIndexDistal":{"rotation":[0,0,0.5512169568677073,0.8343619517101101]},"rightMiddleProximal":{"rotation":[0,0,0.6410252114808077,0.7675198227055674]},"rightMiddleIntermediate":{"rotation":[0,0,0.6419533446028696,0.7667437012152035]},"rightMiddleDistal":{"rotation":[0,0,0.3522241307143584,0.9359156808935913]},"rightRingProximal":{"rotation":[0,0,0.6852692824061604,0.7282897847632809]},"rightRingIntermediate":{"rotation":[0.11172947851229284,0.1712917600457943,0.710632340500589,0.6731844718993748]},"rightRingDistal":{"rotation":[0,0,0.15246714691076207,0.9883085394313318]},"rightLittleProximal":{"rotation":[-0.16769964313152397,-0.006317427937386835,0.7214786842379157,0.6717926971828002]},"rightLittleIntermediate":{"rotation":[0,0,0.7439608451522937,0.6682232118688223]},"rightLittleDistal":{"rotation":[0,0,0.6669526848470367,0.7451000712490433]}}}